<?xml version='1.0' encoding='UTF-8'?>

<faces-config xmlns="http://java.sun.com/xml/ns/javaee"
              xmlns:xsi="http://www.w3.org/2001/XMLSchema-instance"
              xsi:schemaLocation="http://java.sun.com/xml/ns/javaee http://java.sun.com/xml/ns/javaee/web-facesconfig_2_0.xsd"
              version="2.0">

    <managed-bean>
        <managed-bean-name>createPerson</managed-bean-name>
        <managed-bean-class>seidl.CreatePerson</managed-bean-class>
        <managed-bean-scope>session</managed-bean-scope>
    </managed-bean>

    <managed-bean>
        <managed-bean-name>readPerson</managed-bean-name>
        <managed-bean-class>seidl.ReadPerson</managed-bean-class>
        <managed-bean-scope>session</managed-bean-scope>
    </managed-bean>

    <managed-bean>
        <managed-bean-name>deletePerson</managed-bean-name>
        <managed-bean-class>seidl.DeletePerson</managed-bean-class>
        <managed-bean-scope>session</managed-bean-scope>
    </managed-bean>

    <managed-bean>
        <managed-bean-name>updatePerson</managed-bean-name>
        <managed-bean-class>seidl.UpdatePerson</managed-bean-class>
        <managed-bean-scope>session</managed-bean-scope>
    </managed-bean>
</faces-config>